<?xml version="1.0" encoding="UTF-8" ?> 
<Module>
	<ModulePrefs title="Group Status Chart" 
		description="Use this gadget to display the element or service monitor status in a pie or bar chart format for a group of elements."
		thumbnail="groupStatusThm.png"/> 
	<gadget_version>
		<%= pkg.gadget_version %>
	</gadget_version>
	<grid_info>
		<supported_versions>
			7.3,7.4,7.5,8.0
		</supported_versions>
		<supported_platforms>
			windows,linux
		</supported_platforms>
		<requires_agent_scripts>
			false
		</requires_agent_scripts>
		<upgrade_in_place>
			true
		</upgrade_in_place>
	</grid_info>
	<Content type="html">
<![CDATA[ 
<html lang="en">
<head>
	<meta charset="utf-8">
	<meta http-equiv="X-UA-Compatible" content="IE=Edge" />
	#includeResources(jquery,highcharts)
	
	<title>Group Status Chart</title>

	<link rel="stylesheet" type="text/css" href="__UPTIME_GADGET_BASE__/groupStatus.css" />

	<script type="text/javascript" src="__UPTIME_GADGET_BASE__/apiQueries.js?v=<%= pkg.gadget_version %>"></script>
	<script type="text/javascript" src="__UPTIME_GADGET_BASE__/uptime.GroupCurrentStatusBarChart.js?v=<%= pkg.gadget_version %>"></script>
	<script type="text/javascript" src="__UPTIME_GADGET_BASE__/uptime.GroupCurrentStatusPieChart.js?v=<%= pkg.gadget_version %>"></script>
	<script type="text/javascript" src="__UPTIME_GADGET_BASE__/groupStatus.js?v=<%= pkg.gadget_version %>"></script>
</head>

<body>
	<div id="widgetSettings">
		Select Element Group:
		<form id="widgetOptions">
			<div id = "availableGroups">
			<select id="elementGroupId" class="group-status-setting">
				<option value="-1">Loading...</option>
			</select>
			</div>
			<input type="checkbox" id="includeSubgroup" class="group-status-setting" value"true" checked>Include Subgroups<br/>
			Chart Type:
			<input type="radio" checked id="pieChartType" class="group-status-setting" name="chartType" value="pieChartType"> Pie
			<input type="radio" id="barChartType" class="group-status-setting" name="chartType" value="barChartType"> Bar
			<br/>
			Status Type:
			<input type="radio" id="hostStatusType" class="group-status-setting" name="statusType" value="hostStatusType"> Element
			<input type="radio" checked id="monitorStatusType" class="group-status-setting" name="statusType" value="monitorStatusType"> Monitor
			<br/>
			<br/>
					<label for="refreshRate">Refresh Rate:</label>
					<select id="refreshRate" class="group-status-setting" name="refreshRate">
						<option value="30">30s</option>
						<option value="60">1m</option>
						<option value="300">5m</option>
						<option value="600">10m</option>
						<option value="900">15m</option>
						<option value="3600">1h</option>
						<option value="-1">Never</option>
					</select>
			<br/>
			<br/>
			<button id="closeSettings">Close</button>
		</form>
	</div>

	<div id="widgetChart"></div>	
	<div id="statusBar">Backend Call Status</div>
	
</body>
</html>

















]]>
  </Content> 
</Module>
